index,FPR_M,FPR_F
mean,0.0934,0.1008
std,0.006308724118235007,0.006418722614352485
