index,FPR_Medicare,FPR_Other,FPR_Medicaid
mean,0.16240000000000002,0.20800000000000002,0.2742
std,0.007635443667528437,0.005999999999999994,0.01207062550160511
