index,FPR_White,FPR_Black,FPR_Hisp,FPR_Other,FPR_Asian,FPR_American
mean,0.1702,0.27620000000000006,0.27480000000000004,0.17640000000000003,0.2166,0.1758
std,0.007190271204899012,0.007014271166700066,0.013160547101089664,0.008354639429682165,0.008324662155306972,0.03627257917490842
