index,FPR_M,FPR_F
mean,0.219,0.2496
std,0.007874007874011818,0.007893034904268454
